location,roi_level,growth_potential,rent_yield,demand_level,best_for,reason
Gomti Nagar,Medium,Medium,Medium,High,Retail/Offices,High price reduces ROI but strong demand
Indira Nagar,Medium,Low-Medium,Medium,High,Retail/Residential,Stable but saturated market
Shaheed Path,High,High,Medium,High,Commercial/Startups,Rapid infrastructure growth corridor
Faizabad Road,High,High,Medium-High,High,Mixed Business,Strong expansion zone with rising demand
Sultanpur Road,High,High,Medium,Medium,Warehousing/Startups,Early-stage growth gives high upside
Sitapur Road,Medium,Medium,High,High,Budget Business,Low cost gives better rental yield
Kursi Road,High,Medium-High,High,High,Small Business,Affordable + good demand balance
Jankipuram,Medium,Medium,Medium,Medium,Residential/Local Shops,Stable but not explosive growth
IIM Road,High,High,Medium,Medium,Education/Hostels,Driven by institutions expansion
Chinhat,High,High,Medium,High,Retail/Residential,High supply + growing demand
Alambagh,Medium,Low-Medium,Medium,High,Transport/Retail,Good connectivity but limited growth
Malhaur,High,High,Medium,Medium,Residential/Expansion,Near Gomti Nagar extension growth
Bijnor Road,High,High,Medium,Medium,Logistics/Airport Business,Airport proximity boost
Kanpur Road,Medium,Medium,Medium,Medium,Transport Business,Stable but not high growth
Raebareli Road,Medium,Medium,Medium,Medium,Warehousing/Low-cost setups,Outer area growth
Mohanlalganj,High,High,Low,Low,Industrial/Long-term investment,Very cheap land high upside
Vrindavan Yojna,Medium,Medium,Medium,Medium,Residential/Offices,Planned but moderate growth
Vikas Nagar,Low,Low,Medium,Medium,Residential,High price low growth